slug|title|cat|n_images
antonella-cotton-velvet-loveseat|Antonella Cotton Velvet Loveseat|lounge|1
commodore|Commodore Canvas Loveseat|lounge|2
sidony-wood-white-loveseat|Sidony Wood + White Loveseat|lounge|2
fabian-grey-hide-chair|Fabian Grey Hide Chair|lounge|1
jesamay-armchair|Jesamay Armchair|lounge|3
florian-ivory-hide-chair|Florian Ivory Hide Chair|lounge|1
osprey-black-metal-bench|Osprey Black Metal Bench|lounge|2
zeki|Zeki Kilim Arm Chair|lounge|2
jourdain-bench|Jourdain Bench|lounge|1
voyage-bar-trunk|Voyage Bar Trunk|cocktail-bar|2
monroe-black-flat-slat-tambour-bar|Monroe Black Flat Slat Tambour Bar|cocktail-bar|2
inola-12-black-wood-square-bar|Inola 12' Black Convertible Bar|cocktail-bar|4
iraja-12-square-whitewash-bar|Iraja 12' Wood Convertible Bar|cocktail-bar|4
canyon-pine-bar|Canyon Pine Bar|cocktail-bar|2
inola-gold-slatted-bar|Gold Acrylic Slatted Bar|cocktail-bar|1
sinatra-walnut-fluted-bar|Sinatra Walnut Fluted Bar|cocktail-bar|2
marceline-gold-bar-cart|Marceline Gold Bar Cart|cocktail-bar|1
anathema-82-dark-ash-console|Anathema 82" Dark Ash Console|cocktail-bar|2
rosa-acacia-dark-wood-shelf|Rosa Acacia Dark Wood Shelf|cocktail-bar|1
vespa-shelf-antique-mirror-back|Vespa Shelf + Antique Mirror Back|cocktail-bar|1
dezik-48-square-tiered-back-bar-shelving|Dezik 48" Square Tiered Back Bar Shelving|cocktail-bar|1
elise|Elise Dark Mahogany Cocktail Table|cocktail-bar|1
hampton-2|Nantucket Oak Wood Column|cocktail-bar|2
farrow-cocktail-column-tables|FARROW Cocktail Column Tables|cocktail-bar|1
bartolo-black-tambour-columns|Bartolo Black Tambour Columns|cocktail-bar|5
toshia-mirror-column|Toshia Mirror Column|cocktail-bar|4
broadway-counter|Broadway Concrete Counter Table|cocktail-bar|1
sanara-dining-chairs|SANARA Dining Chairs|dining|5
luna-arcing-dining-chairs|Luna Arcing Dining Chairs|dining|9
nima-fabric-banquette|Nima Fabric Banquette|dining|1
moxxi-black-dining-chair|Moxxi Black Dining Chair|dining|2
zoe-bleached-oak-dining-chair|Zoe Bleached Oak Dining Chair|dining|1
cameron-wheat-directors-dining-chair|Cameron Wheat Directors Dining Chair|dining|2
gerwyn-grey-dining-chiar|Gerwyn Grey Dining Chiar|dining|2
lars-8-bleached-oak-dining-table|Lars 8' Bleached Oak Dining Table|dining|2
tove-grey-wood-top-dining-table|Tove 8' Grey Dining Table|dining|2
nero-5-round-grey-dining-table|Nero 5' Round Dining Table|dining|2
kohl-5-round-dining-table|Kohl 5' Round Dining Table|dining|1
lapis-deep-blue-plates|LAPIS|tableware|5
alumina|Alumina|tableware|5
belissa-dinnerware|Belissa|tableware|4
akoya|Akoya|tableware|5
jain-cream-lotus|JAIN|tableware|5
midori-light-green|Midori|tableware|4
eden|EDEN|tableware|5
tillery-white-porcelain-black-rim|Tillery|tableware|4
sila-grey-speckled-glaze|Bulan|tableware|5
lavanya-stoneware-collection|Lavanya Stoneware|tableware|5
olive-green-leather-cahrger|Olive Green Leather Cahrger|tableware|1
dialni-iridescent-ivory-leather-charger|Dialni Iridescent Ivory Leather Charger|tableware|1
estella-mixed-metal-flatware|Estella Mixed Metal Flatware|tableware|1
millie-flatware|MILLIE Flatware|tableware|1
bronson-glassware|Bronson Glassware|tableware|1
larique-smoke-cut-glassware|Larique Smoke Cut Glassware|tableware|6
honey-colored-glassware|Honey Glassware|tableware|6
thistle-smoke-glassware|Thistle Glassware|tableware|6
sage-glassware|Sage Glassware|tableware|3
allira-cut-glassware|Allira Cut Glassware|tableware|4
kimora|KIMORA Glassware|tableware|6
carlisle-smoke-glassware-1|Carlisle Smoke Glassware|tableware|1
adonis-glassware|Adonis Glassware|tableware|1
narin-glassware|Narin Glassware|tableware|1
tabitha-set|Tabitha Copper Rimmed Tray Set|tableware|2
shetani-dark-brass-tray|Shetani Dark Brass Tray|tableware|3
powel-dark-brass-tray|Powel Dark Brass Tray|tableware|3
gibbs-brown-leather-tray|Gibbs Brown Leather Tray|tableware|1
callum-brass-tray|Callum Brass Tray|tableware|3
ritika-brass-tray|Ritika Brass Tray|tableware|1
alvina-marble-tray|Alvina Marble Tray|tableware|1
launce-riverstone-platter|LAUNCE Riverstone Platter|tableware|1
zahavi-gold-top-decanters|Zahavi Gold Top Decanters|tableware|1
zalena-silver-top-decanters|Zalena Silver Top Decanters|tableware|1
hazel-charred-terracotta-bowl|Hazel Charred Terracotta Bowl|tableware|3
lavanya-riverstone-medium-bowl|Lavanya Stoneware Bowls|tableware|3
greer-gold-low-bowl|Greer Gold Low Bowl|tableware|1
vintage-silver-goblets|Vintage Silver Goblets|tableware|1
black-leather-studded-lumbar|Black Leather Studded Lumbar|textiles|1
blue-velvet-fringe-lumbar|Blue Velvet Fringe Lumbar|textiles|1
brown-cognac-leather-lumbar|Brown Cognac Leather Lumbar|textiles|1
bw-yarn-detail-lumbar-oversize|B/W Yarn Detail Lumbar Oversize|textiles|1
champagne-snake-leather-lumbar|Champagne Snake Leather Lumbar|textiles|1
gold-velvet-fringe-lumbar|Gold Velvet Fringe Lumbar|textiles|1
greige-textured-lumbar|Greige Textured Lumbar|textiles|1
grey-faux-mink-lumbar|Grey Faux Mink Lumbar|textiles|1
grey-feather-fur-lumbar|Grey Feather Fur Lumbar|textiles|1
grey-hide-lumbar|Grey Hide Lumbar|textiles|1
ivory-linen-small-lumbar|Ivory Linen Small Lumbar|textiles|1
ivory-mud-cloth-pillow|Ivory Mud Cloth Pillow|textiles|1
ivory-sage-stripe-pillow|Ivory Sage Stripe Pillow|textiles|1
red-zebra-velvet-lumbar|Red Zebra Velvet Lumbar|textiles|1
fur-red-black-ombre|Fur Red Black Ombre|textiles|1
evren|Evren 8x10 Kilim Rug|rugs|2
agatha-rustic-mini-vases|Agatha Rustic Mini Vases|styling|3
ashura-rustic-terracotta-vase|Ashura Rustic Terracotta Vase|styling|1
divya-rustic-paper-mache-vase|DIVYA Rustic Paper Mache Vase|styling|1
lilith-textured-earth-vase|Lilith Textured Earth Vase|styling|1
jina-black-metal-vases|JINA Black Metal Vases|styling|3
catalina-white-clay-perforated-vase|Catalina White Clay Perforated Vase|styling|3
evelda-ceramic-chain-vase|Evelda Ceramic Chain Vase|styling|3
tirzah-asymmetrical-vase|Tirzah Asymmetrical Vase|styling|3
linus-white-porcelain-vase|Linus White Porcelain Vase|styling|1
limulus-white-porcelain-vase|Limulus White Porcelain Vase|styling|1
auskin-leather-basket-set-275pl|Joslin Leather Baskets|styling|3
auskin-leather-basket-set|Auskin Leather Baskets|styling|3
leather-baskets|Leather Baskets|styling|1
oxford-fossil-plinth|Oxford Fossil Plinth|styling|4
hans-vintage-brass-telescope|Hans Vintage Brass Telescope|styling|1
salva|Salva Vintage Opera Glasses|styling|2
tafari|Tafari Tumbleweed|styling|2
elysia-ruffled-marble-bowl|Elysia Ruffled Marble Bowl|styling|2
bettie-blue-hourglass|Bettie Blue Hourglass|styling|1
melting-disco-ball|Melting Disco Ball|styling|2
ruby-red-ski-lift-bench|Ruby Red Ski Lift Bench|large-decor|1
chatta-6-diameter-umbrellas|CHATTA 6' Diameter Umbrellas|large-decor|5
bellow|Bellow White Corrugated Walls|large-decor|3
washington-wall|WASHINGTON Wall|large-decor|1
ryland|Ryland Pallet Wall|large-decor|2
teigan|Teigan/Mahdi White Leather Barricade|large-decor|3
erwin|Erwin/Mahdi Jute Barricade|large-decor|3
paxton-10ftacrylic|Paxton 10'H Wireframe Cage with Smoke Acrylic|large-decor|2
paxton-7ft|Paxton 7'H Black Wireframe Cage|large-decor|2
paxton-10ft|Paxton 10'H Black Wireframe Cage|large-decor|2
noya-sand-pendants|Noya Sand Pendants|light|4
dezmelda-black-crystal-chandelier|Dezmelda Smoke Crystal Chandelier|light|2
gideon-bamboo-pendant-light|Gideon Bamboo Pendant Light|light|5
sinia-tripod-floor-lamp|SINIA TRIPOD FLOOR LAMP|light|2
amitola-led-corner-light|Amitola LED Corner Light|light|1
florence-weathered-zinc-lantern|Florence Weathered Zinc Lantern|light|5
layla-28in|Layla Lanterns|light|3
rumen-red-camp-lantern|RUMEN Red Camp Lantern|light|1
wilhelm-rustic-camp-lantern|Wilhelm Rustic Camp Lantern|light|1
ennai-oil-lamp|Ennai Oil Lamp|light|1
amalia-votive|AMALIA Votive|light|1
kinlee-cocoon-luminary|Kinlee Cocoon Luminary|light|5
nera-alabaster-votive|Nera Alabaster Votive|light|1
alabaster-votive|ALABASTER Votive|light|3
maor|Maor Market Lighting|light|2